<?xml version="1.0" encoding="utf-8"?>
<!--/679588/1625838/2.50/4/4/Crystal or Oscillator/-->
<quadcept_library>
  <setting unit="mil" />
  <textstyle name="Default" height="47.244094488189" strokewidth="7.8740157480315" charwidth="47.244094488189" />
  <textstyle name="Dimension" height="19.6850393700787" strokewidth="0" charwidth="19.6850393700787" />
  <textstyle name="H127W0635TH00762" height="50" strokewidth="3" charwidth="25" />
  <textstyle name="H15W15TH02" height="59.0551181102362" strokewidth="7.8740157480315" charwidth="59.0551181102362" />
  <padstyle name="r120_60" surface="True" plated="False" isvia="False" nopaste="False" nomask="True" complex="False" holesize="0">
    <padshape layer="TOP" shape="rectangle" width="23.622047244094" height="47.244094488188" />
    <padshape layer="TOP_SOLDER_MASK" shape="rectangle" width="31.496062992126" height="55.11811023622" />
    <padshape layer="TOP_SOLDER_PASTE" shape="rectangle" width="23.622047244094" height="47.244094488188" />
  </padstyle>
  <footprint name="9HT732768KDZFT" originx="0" originy="0" pickpointx="0" pickpointy="0">
    <pcbpin number="1" name="1" style="r120_60" originx="-124.01574803149" originy="-17.716535433071" rotation="90" />
    <pcbpin number="2" name="2" style="r120_60" originx="124.01574803149" originy="-17.716535433071" rotation="90" />
    <pcbpin number="3" name="3" style="r120_60" originx="124.01574803149" originy="17.716535433071" rotation="90" />
    <pcbpin number="4" name="4" style="r120_60" originx="-124.01574803149" originy="17.716535433071" rotation="90" />
    <line layer="TOP_ASSEMBLY" originx="-135.82677165354" originy="27.55905511811" endx="135.82677165354" endy="27.55905511811" width="3.9370078740157" />
    <line layer="TOP_ASSEMBLY" originx="135.82677165354" originy="27.55905511811" endx="135.82677165354" endy="-27.55905511811" width="3.9370078740157" />
    <line layer="TOP_ASSEMBLY" originx="135.82677165354" originy="-27.55905511811" endx="-135.82677165354" endy="-27.55905511811" width="3.9370078740157" />
    <line layer="TOP_ASSEMBLY" originx="-135.82677165354" originy="-27.55905511811" endx="-135.82677165354" endy="27.55905511811" width="3.9370078740157" />
    <line layer="TOP_PLACE_BOUND" originx="-187.00787401575" originy="68.897637795275" endx="187.00787401575" endy="68.897637795275" width="3.9370078740157" />
    <line layer="TOP_PLACE_BOUND" originx="187.00787401575" originy="68.897637795275" endx="187.00787401575" endy="-68.897637795275" width="3.9370078740157" />
    <line layer="TOP_PLACE_BOUND" originx="187.00787401575" originy="-68.897637795275" endx="-187.00787401575" endy="-68.897637795275" width="3.9370078740157" />
    <line layer="TOP_PLACE_BOUND" originx="-187.00787401575" originy="-68.897637795275" endx="-187.00787401575" endy="68.897637795275" width="3.9370078740157" />
    <line layer="TOP_SILKSCREEN" originx="-86.614173228345" originy="-27.55905511811" endx="86.614173228345" endy="-27.55905511811" width="7.8740157480314" />
    <line layer="TOP_SILKSCREEN" originx="-86.614173228345" originy="27.55905511811" endx="86.614173228345" endy="27.55905511811" width="7.8740157480314" />
    <line layer="TOP_SILKSCREEN" originx="-125.9842519685" originy="-47.244094488188" endx="-125.9842519685" endy="-47.244094488188" width="3.9370078740157" />
    <arc layer="TOP_SILKSCREEN" originx="-125.9842519685" originy="-49.212598425196" startangle="90.0" sweepangle="180.0" radius="1.9685039370079" width="3.9370078740157" />
    <line layer="TOP_SILKSCREEN" originx="-125.9842519685" originy="-51.181102362204" endx="-125.9842519685" endy="-51.181102362204" width="3.9370078740157" />
    <arc layer="TOP_SILKSCREEN" originx="-125.9842519685" originy="-49.212598425196" startangle="-90.0" sweepangle="180.0" radius="1.9685039370079" width="3.9370078740157" />
  </footprint>
  <symbol name="9HT7-32.768KDZF-T" originx="0" originy="0">
    <line originx="200" originy="100" endx="900" endy="100" width="0" />
    <line originx="900" originy="-200" endx="900" endy="100" width="0" />
    <line originx="900" originy="-200" endx="200" endy="-200" width="0" />
    <line originx="200" originy="100" endx="200" endy="-200" width="0" />
    <sympin number="1" originx="200" originy="-100" rotation="180" length="100" width="7.8740157480315" flipped="False">
      <text name="pinname" originx="230" originy="-100" style="Default" rotation="0" justify="left" flipped="False" hidden="False" data="X1" />
      <text name="pindes" originx="140" originy="-80" style="Default" rotation="0" justify="lowerright" flipped="False" hidden="False" data="1" />
    </sympin>
    <sympin number="2" originx="900" originy="-100" rotation="0" length="100" width="7.8740157480315" flipped="False">
      <text name="pinname" originx="870" originy="-100" style="Default" rotation="0" justify="right" flipped="False" hidden="False" data="GND_1" />
      <text name="pindes" originx="960" originy="-80" style="Default" rotation="0" justify="lowerleft" flipped="False" hidden="False" data="2" />
    </sympin>
    <sympin number="3" originx="900" originy="0" rotation="0" length="100" width="7.8740157480315" flipped="False">
      <text name="pinname" originx="870" originy="0" style="Default" rotation="0" justify="right" flipped="False" hidden="False" data="GND_2" />
      <text name="pindes" originx="960" originy="20" style="Default" rotation="0" justify="lowerleft" flipped="False" hidden="False" data="3" />
    </sympin>
    <sympin number="4" originx="200" originy="0" rotation="180" length="100" width="7.8740157480315" flipped="False">
      <text name="pinname" originx="230" originy="0" style="Default" rotation="0" justify="left" flipped="False" hidden="False" data="X2" />
      <text name="pindes" originx="140" originy="20" style="Default" rotation="0" justify="lowerright" flipped="False" hidden="False" data="4" />
    </sympin>
  </symbol>
  <component name="9HT7-32.768KDZF-T" designatorprefix="Y" height="55.11811023622" footprint="9HT732768KDZFT">
    <comppin designator="1" sympin="1" pinswap="0" gateswap="0" gate="1" group="1" side="" type="Any" name="X1" />
    <comppin designator="2" sympin="2" pinswap="0" gateswap="0" gate="1" group="1" side="" type="Any" name="GND_1" />
    <comppin designator="3" sympin="3" pinswap="0" gateswap="0" gate="1" group="1" side="" type="Any" name="GND_2" />
    <comppin designator="4" sympin="4" pinswap="0" gateswap="0" gate="1" group="1" side="" type="Any" name="X2" />
    <attached_symbol gate="1" name="9HT7-32.768KDZF-T" />
    <pinmap designator="1" footprintpin="1" />
    <pinmap designator="2" footprintpin="2" />
    <pinmap designator="3" footprintpin="3" />
    <pinmap designator="4" footprintpin="4" />
    <text name="Datasheet" originx="0" originy="0" style="Default" rotation="0" justify="" flipped="False" hidden="True" data="https://componentsearchengine.com/Datasheets/2/9HT7-32.768KDZF-T.pdf" />
    <text name="Description" originx="0" originy="0" style="Default" rotation="0" justify="" flipped="False" hidden="True" data="Crystals 32.768KHz 20ppm 12.5pF" />
    <text name="Mouser Part Number" originx="0" originy="0" style="Default" rotation="0" justify="" flipped="False" hidden="True" data="717-9HT7-32.768KDZFT" />
    <text name="Mouser Price/Stock" originx="0" originy="0" style="Default" rotation="0" justify="" flipped="False" hidden="True" data="https://www.mouser.co.uk/ProductDetail/TXC-Corporation/9HT7-32.768KDZF-T?qs=MEJ8UTjcHDlobjP3Uu4Bsg%3D%3D" />
    <text name="Manufacturer_Name" originx="0" originy="0" style="Default" rotation="0" justify="" flipped="False" hidden="True" data="TXC CORPORATION" />
    <text name="Manufacturer_Part_Number" originx="950" originy="200" style="Default" rotation="0" justify="left" flipped="False" hidden="False" data="9HT7-32.768KDZF-T" />
  </component>
</quadcept_library>
